party,electors,probability
DEM,308,0.72684
GOP,230,0.27315999999999996