party,popular,electors,probability
DEM,65926047.27582246,286.84149999999994,0.7262
GOP,63311594.72417754,251.15850000000006,0.27380000000000004