party,electors,probability
DEM,336,0.835755
GOP,202,0.16424499999999997