party,electors,probability
DEM,327.192942,0.745622
GOP,210.80705799999998,0.254378