party,electors,probability
DEM,303.9748,0.7604
GOP,234.02519999999998,0.23960000000000004