party,electors,probability
DEM,307,0.775272
GOP,231,0.22472800000000004