party,electors,probability
DEM,307,0.725872
GOP,231,0.27412800000000004