party,electors,probability
DEM,298.00603,0.721136
GOP,239.99397,0.278864