party,electors,probability
DEM,309,0.790734
GOP,229,0.20926599999999995