party,electors,probability
DEM,343,0.855042
GOP,195,0.14495800000000003