party,electors,probability
DEM,326.89316,0.744675
GOP,211.10683999999998,0.255325