party,electors,probability
DEM,303.789844,0.760654
GOP,234.21015599999998,0.23934599999999995