party,electors,probability
DEM,314,0.784176
GOP,224,0.21582400000000002