party,electors,probability
DEM,300,0.648484
GOP,238,0.35151600000000005