party,electors,probability
DEM,303.824934,0.760668
GOP,234.17506600000002,0.239332