party,electors,probability
DEM,333,0.84382
GOP,205,0.15617999999999999