party,electors,probability
DEM,331,0.844984
GOP,207,0.15501600000000004