party,electors,probability
DEM,319,0.794766
GOP,219,0.20523400000000003