party,popular,electors,probability
DEM,69920589.58568901,350.48931999998456,0.991
GOP,56910647.03568548,187.51068000001544,0.009000000000000008