party,electors,probability
DEM,299.271272,0.730282
GOP,238.728728,0.269718