party,electors,probability
DEM,317,0.79426
GOP,221,0.20574000000000003